# type (r[1-9];w;u),circuit,name,[comment],[QQ],ZZ,PBSB,[ID],field1,part (m/s),datatypes/templates,divider/values,unit,comment,field2,part (m/s),datatypes/temp$
### BRINK zoneklep
zoneklep = zone valve (from dutch)
##
## This ebus config may work for Ubbink, VisionAIR, WOLF CWL series and some other systems that are identical
## You may need to modify the 7c address in the next 2 lines for your brand/model. Or just uncomment the necessary lines.

## Brink zoneklep
*r,zkp,,,,09,4050,,,,,,,,,,,,,,,,,,,,,,,,,,,,,,,,
*w,zkp,,,,09,4050,,,,,,,,,,,,,,,,,,,,,,,,,,,,,,,,

#### SENSOR DATA ####
#type,circuit,name,comment,QQ,ZZ,PBSB,ID,field1,part,type/templates,divider/values,unit,comment,field2,part,type/templates,divider/values,unit,comment


r,,Klepstand,1f0940a10102,,,40a1,,,,HEX:7
#r,,Klepstand,1f0940a10102,,,40a1,,,,HEX:7,,0x00040000000000=Woon-/Slaapzone;0x00040000020300=Slaapzone;0x0700040000010200=Woonzone,,Klepstand
#r,,Klepstand,1f0940a10102,,,40a1,,,,HEX:7,'00 04 00 00 00 00 00'=WoonSlaapzone;'00 04 00 00 02 03 00'=Slaapzone;'07 00 04 00 00 01 02 00'=Woonzone
