# type (r;w;u;1-9),class,name,comment,QQ,ZZ,PBSB,ID,field,part (m;s),type / templates,divider / values,unit,comment,field,part (m;s),type / templates,divider / values,unit,comment,field,part (m;s),type / templates,divider / values,unit,comment,field,part (m;s),type / templates,divider / values,unit,comment,field,part (m;s),type / templates,divider / values,unit,comment,field,part (m;s),type / templates,divider / values,unit,comment,field,part (m;s),type / templates,divider / values,unit,comment,field,part (m;s),type / templates,divider / values,unit,comment
## This ebus config is based on information from decompiled BCSServiceTool/Common/AppliaceCommon.cs

r,scan,id,Scan ID,,,0704,ff,MF,,UCH,0x06=Dungs;0x0f=FH Ostfalia;0x10=TEM;0x11=Lamberti;0x14=CEB;0x15=Landis-Staefa;0x16=FERRO;0x17=MONDIAL;0x18=Wikon;0x19=Wolf;0x20=RAWE;0x30=Satronic;0x40=ENCON;0x50=Kromschröder;0x60=Eberle;0x65=EBV;0x75=Grässlin;0x85=ebm-papst;0x95=SIG;0xa5=Theben;0xa7=Thermowatt;0xb5=Vaillant;0xc0=Toby;0xc5=Weishaupt;0xfd=ebusd.eu,,,brand,,UCH,8=Brink;161=Viessmann,,,model,,UCH,2=Allure;17=Excellent400;18=Sky300;19=ConstantRPM400;20=Sky150;21=Excellent180;22=Excellent300;23=CWLTower300;24=RenoventElan300;25=Excellent450;26=Sky200;32=Elan10;33=Elan16;34=Elan25;35=DecentralAir70;37=Nather300;38=Elan4;45=CWLF250;46=CWLF350;80=Flair325;81=Flair225;82=Flair450;83=Flair600;84=Flair300;85=Flair400;86=Flair200;128=MultiRoomCtrl;145=AirControl;192=Valve;193=CO2Sensor,,,,,IGN,,,,version,,BI0:3,0=None;1=Basic;2=Plus,,,device_type,,bi0:3,1=Heater;2=Ventilation;3=Actuator;4=Sensor;5=Controller;6=Cooling;7=VentilationCombi,,,,,IGN,,,,SW,,PIN,,,,HW,,PIN,,,

# SoftwareVersion is in fact a string, however, to be able to use the version in conditions, 
# we must construct integer numbers from it. The only way is to create three integers, 
# for major.minor.patch. The annoying thing is, that there are two formats of the SoftwareVersion 
# string for Brink devices - some have prefix of one letter, some don't. For the lack of other 
# possible solutions, we just assume that majority of devices will have the one-letter prefix, 
# and only if/when proven otherwise, we would try to come up with a different, more robust solution.
r,scan,SoftwareVersion,S1.08.18 0001,,,4022,00,,,IGN:1,,,,sw_major,,UCH,,,,sw_dot,,IGN:1,,,,sw_minor,,UIN,,,,sw_patch,,UIN,,,,,,IGN:5,,,,